title,company,location,link
Backend Python Engineer,SQUAD,"Kyiv, Ukraine",https://stackoverflow.com/jobs/518175/
"Software Engineer, Python",YouGov,"Warsaw, Poland",https://stackoverflow.com/jobs/522728/
Senior Backend Engineer (Python/Django),NewtonX,"New York, NY",https://stackoverflow.com/jobs/470973/
Senior Marketing Software Engineer (Python) - 5605,"Chewy, Inc.","Dania Beach, FL",https://stackoverflow.com/jobs/501814/
Python Software Engineer,bloomon,"Amsterdam, Netherlands",https://stackoverflow.com/jobs/515564/
Senior Python Developer,Trafilea,No office location,https://stackoverflow.com/jobs/501177/
Python Software Engineer,Captivation Software,"Fort Meade, MD",https://stackoverflow.com/jobs/449506/
Software Developer (Python),Picnic,"Amsterdam, Netherlands",https://stackoverflow.com/jobs/292346/
Senior Software Developer Python (m/f/d),Ströer Online Marketing,"Hamburg, Deutschland",https://stackoverflow.com/jobs/462625/
Senior Python Developer Remote (f/m/d),Ambient Innovation: GmbH,No office location,https://stackoverflow.com/jobs/493874/
"Senior Software Engineer, Python",Genesys,"Durham, NC",https://stackoverflow.com/jobs/522071/
Full-stack Python developer in a MedTech startup,QMENTA,"Barcelona, Spain",https://stackoverflow.com/jobs/522795/
Principal Python Engineer,ComplyAdvantage,"London, UK",https://stackoverflow.com/jobs/504216/
Backend Engineer (Python),Zattoo,"Berlin, Germany",https://stackoverflow.com/jobs/472439/
Senior Backend Engineer - Python,Cornershop,"São Paulo, Brazil",https://stackoverflow.com/jobs/515697/
"Full-stack developer (Python, Django, AWS, React)",Tuune,"London, UK",https://stackoverflow.com/jobs/521987/
Software Developer (Python),Nexthink,"Prilly, Switzerland",https://stackoverflow.com/jobs/471159/
Django / Python Developer,Divio,"Stockholm, Sweden",https://stackoverflow.com/jobs/519517/
Python Developer,UKG (Ultimate Kronos Group),No office location,https://stackoverflow.com/jobs/487629/
Développeur Backend Python Senior (F/H),Thegreendata,"Paris, France",https://stackoverflow.com/jobs/515492/
Python Backend Developer,Werum IT Solutions - inCyght Data Science,"Budapest, Ungarn",https://stackoverflow.com/jobs/372243/
Développeur Crafteur .Net ou Python,Arolla,"Paris, France",https://stackoverflow.com/jobs/501121/
Full-Stack Engineer (Python OR Javascript),Neo4j,"Malmö, Sweden",https://stackoverflow.com/jobs/362199/
Senior Fullstack Engineer - Python / Django / React,StyleSeat,No office location,https://stackoverflow.com/jobs/522691/
Python Software Engineer (40h/wk),Channable,"Utrecht, Netherlands",https://stackoverflow.com/jobs/265091/
Senior Full-Stack Django/Python Developer,"Share Edge, LLC","Manhattan Beach, CA",https://stackoverflow.com/jobs/501234/
Senior Backend Python Developer (Copenhagen),GameAnalytics,"Copenhagen, Denmark",https://stackoverflow.com/jobs/510434/
Software Engineer (Python),Pagefreezer,No office location,https://stackoverflow.com/jobs/501239/
"Senior Software Engineer, Python",YouGov,No office location,https://stackoverflow.com/jobs/514399/
Python Developer,Octopus Energy,"London, UK",https://stackoverflow.com/jobs/468269/
Backend Engineer (Python/ Django),Sector Labs,"Dubai, United Arab Emirates",https://stackoverflow.com/jobs/518496/
Senior Python Software Developer - Remote,Upstack,No office location,https://stackoverflow.com/jobs/422072/
Python Developer,Addison Group,"Washington, DC",https://stackoverflow.com/jobs/501812/
Senior Python Software Engineer - Search,Cookpad Limited,"Bristol, UK",https://stackoverflow.com/jobs/472388/
Python Developer - Internal Systems,Zyte (formerly Scrapinghub),No office location,https://stackoverflow.com/jobs/522489/
Python Architect - REMOTE WORK,BairesDev LLC,No office location,https://stackoverflow.com/jobs/514657/
Python Software Developer_in (w/m/d),Next Kraftwerke GmbH,"Köln, Germany",https://stackoverflow.com/jobs/518482/
"Scala/Go/Python Software Engineer - DevOps, MicroServices and Drug Discovery",Medicines Discovery Catapult,"Alderley Edge, UK",https://stackoverflow.com/jobs/459707/
Zwei Webentwickler Python/Django (w/m/d),Rheinwerk Verlag GmbH,"Bonn, Germany",https://stackoverflow.com/jobs/516382/
Software Ingenieur Java/Python (m/w/d) Netzinformationssystem,Stadtwerke München GmbH,"München, Deutschland",https://stackoverflow.com/jobs/516836/
Python developer for VoIP service provider,TelSmart,"Zagreb, Croatia",https://stackoverflow.com/jobs/435753/
Python Web Developer,RavenPack International SL.,"Marbella, Spain",https://stackoverflow.com/jobs/470988/
Sr. Python Software Engineer,Global Reach Consulting LLC,"Reston, VA",https://stackoverflow.com/jobs/417839/
Senior Python Backend Engineer,Outliant,No office location,https://stackoverflow.com/jobs/501800/
Développeur Crafteur .Net ou Python,Arolla,"Paris, France",https://stackoverflow.com/jobs/501121/
C++ and Python software engineers - Metrology,ASML,"Veldhoven, Netherlands",https://stackoverflow.com/jobs/518493/
Back-End Developer - Node.js OR Python,Imaginary Cloud,"Lisbon, Portugal",https://stackoverflow.com/jobs/520323/
Senior Python Engineer,YouGov,No office location,https://stackoverflow.com/jobs/509007/
Senior Fullstack Engineer - Python / Django / React,StyleSeat,No office location,https://stackoverflow.com/jobs/522691/
Lead Software Engineer - Python - ASOS AI,ASOS,"London, UK",https://stackoverflow.com/jobs/455785/
Sr. Python Software Engineer,Global Reach Consulting LLC,"Reston, VA",https://stackoverflow.com/jobs/417839/
Full Stack Engineer - Javascript/Python,Zumper,"Providence, RI",https://stackoverflow.com/jobs/446582/
Senior Software Engineer - Python,Andela,No office location,https://stackoverflow.com/jobs/515967/
Backend Software Engineer: Python/ Java (m/f/d),creditshelf,"Frankfurt am Main, Deutschland",https://stackoverflow.com/jobs/219940/
Senior Python Developer,"Perch Security, Inc.",No office location,https://stackoverflow.com/jobs/500468/
Backend developer (Python/Django) with a passion for open source,5 Monkeys Agency ABvia5 Monkeys Agency AB,"Stockholm, Sweden",https://stackoverflow.com/jobs/518075/
Zwei Webentwickler Python/Django (w/m/d),Rheinwerk Verlag GmbH,"Bonn, Germany",https://stackoverflow.com/jobs/516382/
Python developer for VoIP service provider,TelSmart,"Zagreb, Croatia",https://stackoverflow.com/jobs/435753/
Python Software Developer,EODC GmbH,"Wien, Österreich",https://stackoverflow.com/jobs/496568/
Python/Django Developer (f/m/d),TeleClinic GmbH,"München, Deutschland",https://stackoverflow.com/jobs/514324/
Python/Javascript Engineer,Memri B.V,No office location,https://stackoverflow.com/jobs/495079/
Python Developer - REMOTE WORK,BairesDev LLC,No office location,https://stackoverflow.com/jobs/516938/
"Backend Developer (TypeScript, JavaScript, Python)",CYBERTEC PostgreSQL International GmbH,"Wiener Neustadt, Österreich",https://stackoverflow.com/jobs/519475/
Full Stack Python / Django / React Dev for Awesome Saas,"Lead Sherpa, Inc.","Denver, CO",https://stackoverflow.com/jobs/522688/
Python Software Engineer (40h/wk),Channable,"Utrecht, Netherlands",https://stackoverflow.com/jobs/458136/
Senior Python Developer,"Gorilla Logic, Inc.","Medellín, Colombia",https://stackoverflow.com/jobs/519609/
Python Backend Developer (m/f/d) Vollzeit / Teilzeit,Favox GmbH,"Hamburg, Deutschland",https://stackoverflow.com/jobs/516375/
"Awesome Full-Stack Software Engineer - Java, Python, JavaScript (Fully Cleared)",Erias Ventures,"Annapolis Junction, MD",https://stackoverflow.com/jobs/432032/
Senior Python Engineer,Bulb Energy,"London, UK",https://stackoverflow.com/jobs/396265/
Senior Software Engineer - C++/Python,Optibrium,No office location,https://stackoverflow.com/jobs/519482/
Python Service Developer (m/w/d),Enote GmbH,"Berlin, Deutschland",https://stackoverflow.com/jobs/508338/
Enthousiastic Full-stack Developer with a Python-Django preference!,Apicbase Belgium,No office location,https://stackoverflow.com/jobs/515716/
Full-stack Engineer (Python/JavaScript/React),Susten Capital Management Inc.,"Chuo City, Japan",https://stackoverflow.com/jobs/521729/
Backend developer (Python/Django) with a passion for open source,5 Monkeys Agency ABvia5 Monkeys Agency AB,"Göteborg, Sweden",https://stackoverflow.com/jobs/518076/
Python Software Engineer,QuantumBlack,"London, UK",https://stackoverflow.com/jobs/372731/
Python Software Developer,UBIMET GmbH,"Wien, Österreich",https://stackoverflow.com/jobs/412367/
Senior Software Engineer - C++/Python,Optibrium,No office location,https://stackoverflow.com/jobs/519482/
"Backend Developer (TypeScript, JavaScript, Python)",CYBERTEC PostgreSQL International GmbH,"Wiener Neustadt, Österreich",https://stackoverflow.com/jobs/519475/
Python Software Engineer,Trilliant Health,"Nashville, TN",https://stackoverflow.com/jobs/456801/
QA Engineer (Python/Java),Flow Traders,"Amsterdam, Netherlands",https://stackoverflow.com/jobs/421752/
Enthousiastic Full-stack Developer with a Python-Django preference!,Apicbase Belgium,No office location,https://stackoverflow.com/jobs/515716/
Full-stack Engineer (Python/JavaScript/React),Susten Capital Management Inc.,"Chuo City, Japan",https://stackoverflow.com/jobs/521729/
Senior Python Developer,"Gorilla Logic, Inc.","Medellín, Colombia",https://stackoverflow.com/jobs/519609/
Senior Fullstack Python Developer,Backtracks,No office location,https://stackoverflow.com/jobs/509421/
Python Developer,ShipHero,No office location,https://stackoverflow.com/jobs/521121/
Lead/Principal Data Engineer - Python - 100% remote,Cazana,"London, UK",https://stackoverflow.com/jobs/500534/
Senior Python Back End Engineer (Remote-LatAm),Loadsmart,No office location,https://stackoverflow.com/jobs/508341/
(Senior) Python Developer,Centogene GmbH,"Beograd, Serbia",https://stackoverflow.com/jobs/505596/
Python Developer,Marketer Technologies AS,No office location,https://stackoverflow.com/jobs/518200/
"Lead Engineer - Python, MySQL, VueJS",Tails.com,"Richmond, UK",https://stackoverflow.com/jobs/391983/
Senior Software Engineer - PYTHON - 4-day Week!!,AdministrateviaHays PLC,No office location,https://stackoverflow.com/jobs/522422/
"Senior Software Engineer, Python and Node.js",MobSquad,"Toronto, ON, Canada",https://stackoverflow.com/jobs/449503/
Python Backend Developer (m/f/d) - Industrial Data Science and Software,Smart Steel Technologies GmbH,"Berlin, Germany",https://stackoverflow.com/jobs/334428/
Python Software Engineer,Sav.com,"Chicago, IL",https://stackoverflow.com/jobs/515692/
"Senior Backend Engineer (Python) - UK, Remote",Plentific,"London, UK",https://stackoverflow.com/jobs/497076/
Full Stack Developer (Python) - Security Solutions,Bromium UK Limited,"Cambridge, UK",https://stackoverflow.com/jobs/522615/
Python Developer/ Trading Systems Engineer,Huxley Banking & Financial ServicesviaHuxley (US),"New York, NY",https://stackoverflow.com/jobs/522467/
Senior Python Developer,Extreme Engineering Solutions (X-ES),"Verona, WI",https://stackoverflow.com/jobs/512241/
Software Entwickler (Python/C++),JC Development AG,"Glarus, Switzerland",https://stackoverflow.com/jobs/453526/
"Senior Software Engineer, Integration QA, Python",Canonical,No office location,https://stackoverflow.com/jobs/519661/
Python Engineer,"TileDB, Inc.","Cambridge, MA",https://stackoverflow.com/jobs/419347/
"Developer and Consultant: Java, Python and More",Princeton Consultants,"Princeton, NJ",https://stackoverflow.com/jobs/489617/
Python Developer,"GridUnity, Inc","Boston, MA",https://stackoverflow.com/jobs/516439/
Python Software Engineer (m/w/d) for a next gen mobility microservice solution,Ben Fleet Services GmbH,"Berlin, Deutschland",https://stackoverflow.com/jobs/504582/
Python Developer,ShipHero,No office location,https://stackoverflow.com/jobs/521121/
Senior Backend Developer (Python/Apache Kafka),dresslife,"Hanover, Germany",https://stackoverflow.com/jobs/509392/
Python Software Engineer Intern for Geospatial AI Platform Team,Blackshark.ai GmbH,"Graz, Österreich",https://stackoverflow.com/jobs/491339/
Senior Python Engineer,QuantumBlack,"London, UK",https://stackoverflow.com/jobs/520623/
"Senior Data Engineer, Python",Mashtraxx,No office location,https://stackoverflow.com/jobs/518924/
Senior Python and/or Java Developer,Adevinta,"Paris, France",https://stackoverflow.com/jobs/520018/
"Data Engineer (m/f) (SQL, Python, R, Java)",RIAG DIGITAL,"Wien, Austria",https://stackoverflow.com/jobs/376577/
Senior Python Backend Developer,Alfi Inc.,"Belfast, UK",https://stackoverflow.com/jobs/520640/
Python Developer [m/w/x],Skalar Systems,"Graz, Österreich",https://stackoverflow.com/jobs/484866/
"Senior Machine Learning Engineer (Python, TensorFlow)",The Meet Group,No office location,https://stackoverflow.com/jobs/496024/
"Senior Developer - ""Kubernetes, Go Lang, Python,  API""",SAP,"Bengaluru, India",https://stackoverflow.com/jobs/454627/
Python Engineer,Everli,No office location,https://stackoverflow.com/jobs/516456/
Python Backend Developer / Data Engineer (m/f/d) for Geo Applications (Munich),GAF AG,"München, Deutschland",https://stackoverflow.com/jobs/407481/
Python Developer,Anyfin AB,"Stockholm, Sweden",https://stackoverflow.com/jobs/451956/
Python Developer suchen Kollegen (m/w/d),solute GmbH,"Karlsruhe, Deutschland",https://stackoverflow.com/jobs/284443/
"Open Source Developer & DevOps (Python, Django, AWS, OpenStack)",OpenCraft,No office location,https://stackoverflow.com/jobs/453430/
"Software Engineer, Integration QA, Python",Canonical,No office location,https://stackoverflow.com/jobs/451978/
Senior Python Developer (m/f/d) Berlin Startup,Grandperspective GmbH,"Berlin, Deutschland",https://stackoverflow.com/jobs/394237/
Senior Python Developer,"Perch Security, Inc.",No office location,https://stackoverflow.com/jobs/522847/
"Software Engineer - Embedded Access Devices (C, Python, Linux) Sydney, Australia","Casa Systems, Inc.","Lane Cove, Australia",https://stackoverflow.com/jobs/516911/
Senior Python Developer,AIM,No office location,https://stackoverflow.com/jobs/503595/
